"ID.vars","ID.vars.hg38","cdna","classification","revisors"
"chr7:6013013_C/G","chr7:5973382_C/G","c.*17G>C","LBEN",TRUE
"chr7:6013049_C/G","chr7:5973418_C/G","c.2570G>C","BEN",NA
"chr7:6013083_C/T","chr7:5973452_C/T","c.2536G>A","VUS",NA
"chr7:6013153_A/G","chr7:5973522_A/G","c.2466T>C","BEN",NA
"chr7:6017220_G/A","chr7:5977589_G/A","c.2444C>T","PAT",NA
"chr7:6017269_G/A","chr7:5977638_G/A","c.2395C>T","VUS",TRUE
"chr7:6017284_G/A","chr7:5977653_G /A","c.2380C>T","VUS",NA
"chr7:6017324_G/A","chr7:5977693_G/A","c.2340C>T","LBEN",TRUE
"chr7:6017340_T/C","chr7:5977709_T/C","c.2324A>G","BEN",NA
"chr7:6017523_A /G","chr7:5977892_A /G","c.2276-135T>C","BEN",NA
"chr7:6018249_A/G","chr7:5978618_A/G","c.2253T>C","BEN",NA
"chr7:6018314_TGA/T","chr7:5978687_TGA/T","c.2186_2187del","PAT",NA
"chr7:6018318_AGT /C","chr7:5978687_AGT /C","c.2182_2184delinsG","PAT",TRUE
"chr7:6022454_C/T","chr7:5982823_C/T","c.2174+1G>A","PAT",TRUE
"chr7:6022480_C/T","chr7:5982849_C/T","c.2149G>A","LBEN",TRUE
"chr7:6022492_G /A","chr7:5982861_G /A","c.2137C>T","LPAT",NA
"chr7:6022516_C/T","chr7:5982885_C/T","c.2113G>A","PAT",TRUE
"chr7:6022521_G /A","chr7:5982890_G /A","c.2108C>T","VUS",NA
"chr7:6022536_A/T","chr7:5982905_A/T","c.2093T>A","VUS",TRUE
"chr7:6022617_G/A","chr7:5982986_G/A","c.2012C>T","VUS",NA
"chr7:6022626_C/T","chr7:5982995_C/T","c.2007-4G>A","BEN",NA
"chr7:6022629_G/A","chr7:5982998_G/A","c.2007-7C>T","BEN",NA
"chr7:6026384_C/T","chr7:5986753_C/T","c.2006+6G>A","BEN",NA
"chr7:6026444_T/C","chr7:5986813_T/C","c.1952A>G","VUS",NA
"chr7:6026514_G/A","chr7:5986883_G/A","c.1882C>T","PAT",TRUE
"chr7:6026530_C/T","chr7:5986899_C/T","c.1866G>A","LBEN",TRUE
"chr7:6026530_CAT/C","chr7:5986901_CAT/C","c.1864_1865del","PAT",TRUE
"chr7:6026541_C/T","chr7:5986910_C/T","c.1855G>A","VUS",NA
"chr7:6026590_G/A","chr7:5986959_G/A","c.1806C>T","LBEN",TRUE
"chr7:6026598_T/C","chr7:5986967_T/C","c.1798A>G","VUS",TRUE
"chr7:6026601_C/T","chr7:5986970_C/T","c.1795G>A","VUS",NA
"chr7:6026607_T/A","chr7:5986976_T/A","c.1789A>T","LBEN",TRUE
"chr7:6026625_A/G","chr7:5986994_A/G","c.1771T>C","VUS",TRUE
"chr7:6026636_C/T","chr7:5987005_C/T","c.1760G>A","VUS",TRUE
"chr7:6026656_T/C","chr7:5987025_T/C","c.1740A>G","LBEN",TRUE
"chr7:6026664_G/A","chr7:5987033_G/A","c.1732C>T","VUS",TRUE
"chr7:6026665_C/CT","chr7:5987037_C/CT","c.1730dup","PAT",NA
"chr7:6026667_T/C","chr7:5987036_T/C","c.1729A>G","VUS",NA
"chr7:6026679_T/A","chr7:5987048_T/A","c.1717A>T","VUS",TRUE
"chr7:6026682_C/T","chr7:5987051_C/T","c.1714G>A","VUS",TRUE
"chr7:6026685_G/T","chr7:5987054_G/T","c.1711C>A","VUS",NA
"chr7:6026707_TC/CT","chr7:5987076_TC/CT","c.1688_1689delinsAG","VUS",TRUE
"chr7:6026708_C/A","chr7:5987077_C/A","c.1688G>T","BEN",TRUE
"chr7:6026709_G/A","chr7:5987078_G/A","c.1687C>T","PAT",TRUE
"chr7:6026740_A/G","chr7:5987109_A/G","c.1656T>C","LBEN",TRUE
"chr7:6026775_T/C","chr7:5987144_T/C","c.1621A>G","BEN",NA
"chr7:6026775_T/T","chr7:5987144_T/T","c.1621G>A","BEN",NA
"chr7:6026827_G/C","chr7:5987196_G/C","c.1569C>G","LBEN",NA
"chr7:6026829_A/T","chr7:5987198_A/T","c.1567T>A","VUS",TRUE
"chr7:6026836_C /T","chr7:5987205_C /T","c.1560G>A","BEN",NA
"chr7:6026837_G/A","chr7:5987206_G/A","c.1559C>T","VUS",TRUE
"chr7:6026840_T/C","chr7:5987209_T/C","c.1556A>G","LBEN",NA
"chr7:6026863_C/T","chr7:5987232_C/T","c.1533G>A","LBEN",NA
"chr7:6026865_T/C","chr7:5987234_T/C","c.1531A>G","BEN",NA
"chr7:6026908_G/A","chr7:5987277_G/A","c.1488C>T","BEN",TRUE
"chr7:6026915_G/A","chr7:5987284_G/A","c.1481C>T","VUS",TRUE
"chr7:6026942_G/T","chr7:5987311_G/T","c.1454C>A","BEN",NA
"chr7:6026959_G/C","chr7:5987328_G/C","c.1437C>G","BEN",TRUE
"chr7:6026988_G/A","chr7:5987357_G/A","c.1408C>T","BEN",NA
"chr7:6027002_T/C","chr7:5987371_T/C","c.1394A>G","VUS",TRUE
"chr7:6027017_C/T","chr7:5987386_C/T","c.1379G>A","VUS",TRUE
"chr7:6027035_AG/GA","chr7:5987404_AG/GA","c.1360_1361delinsTC","VUS",TRUE
"chr7:6027052_T/C","chr7:5987421_T/C","c.1344A>G","LBEN",NA
"chr7:6027076_T /C","chr7:5987445_T /C","c.1320A>G","LBEN",NA
"chr7:6027135_G/A","chr7:5987504_G/A","c.1261C>T","PAT",TRUE
"chr7:6027156_C/CT","chr7:5987533_C/CT","c.1239dup","PAT",TRUE
"chr7:6027156_CT/C","chr7:5987533_CT/C","c.1239del","PAT",TRUE
"chr7:6027156_GTTT/G","chr7:5987531_GTTT/G","c.1237_1239del","VSD",NA
"chr7:6027157_TT/CC","chr7:5987526_TT/CC","c.1238_1239delinsGG","VUS",TRUE
"chr7:6027191_T /C","chr7:5987560_T /C","c.1205A>G","VUS",NA
"chr7:6027227_G /C","chr7:5987596_G /C","c.1169C>G","VUS",NA
"chr7:6027248_T/A","chr7:5987617_T/A","c.1148A>T","VUS",TRUE
"chr7:6027250_ACC/A","chr7:5987620_ACC/A","c.1145-1_1145del","PAT",TRUE
"chr7:6029427_T/C","chr7:5989796_T/C","c.1144+4A>G","VUS",TRUE
"chr7:6029429_A/C","chr7:5989798_A/C","c.1144+2T>G","LPAT",NA
"chr7:6029571_T/C","chr7:5989940_T/C","c.1004A>G","VUS",TRUE
"chr7:6029588_T/C","chr7:5989957_T/C","c.989-2A>G","PAT",NA
"chr7:6029748_C /T","chr7:5990117_C /T","c.989-162G>A","BEN",NA
"chr7:6031603_C /T","chr7:5991972_C /T","c.988+1G>A","LPAT",TRUE
"chr7:6031631_C/T","chr7:5992000_C/T","c.961G>A","VUS",TRUE
"chr7:6031649_G/A","chr7:5992018_G/A","c.943C>T","PAT",NA
"chr7:6031658_T/C","chr7:5992027_T/C","c.934A>G","VUS",TRUE
"chr7:6031660_T/C","chr7:5992029_T/C","c.932A>G","VUS",TRUE
"chr7:6031668_C/G","chr7:5992037_C/G","c.924G>C","VUS",TRUE
"chr7:6035021_C /A","chr7:5995390_C /A","c.903+144G>T","BEN",NA
"chr7:6035154_A/T","chr7:5995523_A/T","c.903+11T>A","LBEN",NA
"chr7:6035165_C/A","chr7:5995534_C/A","c.903G>T","PAT",NA
"chr7:6035211_T/C","chr7:5995580_T/C","c.857A>G","VUS",TRUE
"chr7:6035237_C /T","chr7:5995606_C /T","c.831G>A","LBEN",NA
"chr7:6035245_G /A","chr7:5995614_G /A","c.823C>T","PAT",NA
"chr7:6035265_C/T","chr7:5995634_C/T","c.804-1G>A","LPAT",NA
"chr7:6035428_A /C","chr7:5995797_A /C","c.804-164T>G","BEN",NA
"chr7:6035507_C /T","chr7:5995876_C /T","c.804-243G>A","BEN",NA
"chr7:6036802_A /G","chr7:5997171_A /G","c.803+155T>C","BEN",NA
"chr7:6036979_CG/C","chr7:5997350_CG/C","c.780delC","PAT",NA
"chr7:6036980_G/C","chr7:5997349_G/C","c.780C>G","BEN",NA
"chr7:6037036_A/AAGGAATG","chr7:5997409_A/AAGGAATG","c.717_723dup","PAT",TRUE
"chr7:6037055_C/A","chr7:5997424_C/A","c.706-1G>T","PAT",TRUE
"chr7:6037057_GA/G","chr7:5997443_GA/G","c.706-4del","BEN",NA
"chr7:6037057_GAA/G","chr7:5997442_GAA/G","c.706-5_706-4del","BEN",TRUE
"chr7:6038296_ACCTGGGCAACAGAGCAAGACTCCAGCTCAAAAAAAAAAAAAACCGGCCGGGCTTGGTGGCTCACACCTGTAATCCCAGCACTTTGGGAGGCCGAGGCTGGTGGATCACGAGGTCAGGAATTCGAGACCAGCCTGGCCAACACGGTGAAACCCCGTCTCTACTAAAGATACAAAAAATTAGCCTGGCGTAGTGGAGCATGCTTGTAATCCCACTACTCGGGAGGCTGAGGCAGGAGAATTGCTTGAATCTGGGAGGCGGAGGTTGCAGTGAGCCAAGACAACACCACTGCACTCCAGCCTGGGCAGCAGTGCGAGACTCCCTCTCAAAAAAAAAAAAAAAATCAATTCTAAGATTTTATTCTCCATTCTACTGGAAGGGACAATGGAAACCCGCTATAATCACTAGAGCAATAAGAGGCGTTGAAGTAACCGGCCATCACTACCTGCTTCTGCCCAAACACAGAGCCGATATTTTCCTTTATGCTGGGGCTTCCACCTGTGCATACCACAGGCTGTCGTTTTCCTTGTCCAAGCTGATTGGTGCAACTTACACGGATGCCTGCTGAAATGATACAGTATGCATGTAAGACCTGGACCATTTTGGCATACTCCTGTTTAAAAAACACAAACACAATATTCTACATTACTTTAATATTATAGGAATTACACAGCTCAAGTTACAACATCCAACGCAAGGTTCTCACATCATCGCACAAATCAAGGGAAGCACTGTTGACAGAATGATCTGTAAAGAGGTGTCTTCCTATATTCTACAGAAAGGAACGCAGAGCTTTTGGCTCCTGGTCACAGTCCTCTCACTTCCCAATGTGCCATGCATCCTGGTAAAACAACTAAAAAGTACAGCCTGTAATCCCAGCTACTCAGGAGGCTGAGGGCAGGAGGATCACTTGAGACCAGGAGTTCAAGACCAGCCTGGGCAACACAGCAAGACCCTGTCTCTACAAAAAATTTAAAAAAAAAATTAGCCGGGCGTCATGGCATGTGCCTGTAGTCACAGCTACTGAGGAGGCTGAGGTGGGAGGATCGCTTGAGCCTAGGAGTTCAAGGCTGCAGTGAGCCATGATTGCACCACTGCACTCCA/-","chr7:5998665_ACCTGGGCAACAGAGCAAGACTCCAGCTCAAAAAAAAAAAAAACCGGCCGGGCTTGGTGGCTCACACCTGTAATCCCAGCACTTTGGGAGGCCGAGGCTGGTGGATCACGAGGTCAGGAATTCGAGACCAGCCTGGCCAACACGGTGAAACCCCGTCTCTACTAAAGATACAAAAAATTAGCCTGGCGTAGTGGAGCATGCTTGTAATCCCACTACTCGGGAGGCTGAGGCAGGAGAATTGCTTGAATCTGGGAGGCGGAGGTTGCAGTGAGCCAAGACAACACCACTGCACTCCAGCCTGGGCAGCAGTGCGAGACTCCCTCTCAAAAAAAAAAAAAAAATCAATTCTAAGATTTTATTCTCCATTCTACTGGAAGGGACAATGGAAACCCGCTATAATCACTAGAGCAATAAGAGGCGTTGAAGTAACCGGCCATCACTACCTGCTTCTGCCCAAACACAGAGCCGATATTTTCCTTTATGCTGGGGCTTCCACCTGTGCATACCACAGGCTGTCGTTTTCCTTGTCCAAGCTGATTGGTGCAACTTACACGGATGCCTGCTGAAATGATACAGTATGCATGTAAGACCTGGACCATTTTGGCATACTCCTGTTTAAAAAACACAAACACAATATTCTACATTACTTTAATATTATAGGAATTACACAGCTCAAGTTACAACATCCAACGCAAGGTTCTCACATCATCGCACAAATCAAGGGAAGCACTGTTGACAGAATGATCTGTAAAGAGGTGTCTTCCTATATTCTACAGAAAGGAACGCAGAGCTTTTGGCTCCTGGTCACAGTCCTCTCACTTCCCAATGTGCCATGCATCCTGGTAAAACAACTAAAAAGTACAGCCTGTAATCCCAGCTACTCAGGAGGCTGAGGGCAGGAGGATCACTTGAGACCAGGAGTTCAAGACCAGCCTGGGCAACACAGCAAGACCCTGTCTCTACAAAAAATTTAAAAAAAAAATTAGCCGGGCGTCATGGCATGTGCCTGTAGTCACAGCTACTGAGGAGGCTGAGGTGGGAGGATCGCTTGAGCCTAGGAGTTCAAGGCTGCAGTGAGCCATGATTGCACCACTGCACTCCA/-","","PAT",NA
"chr7:6038483_G /A","chr7:5998852_G /A","c.705+256C>T","BEN",NA
"chr7:6038722_T/C","chr7:5999091_T/C","c.705+17A>G","BEN",NA
"chr7:6038813_G/A","chr7:5999182_G/A","c.631C>T","PAT",NA
"chr7:6038860_G/T","chr7:5999229_G/T","c.584C>A","LPAT",TRUE
"chr7:6038909_G/C","chr7:5999278_G/C","c.538-3C>G","PAT",NA
"chr7:6039129_T /C","chr7:5999498_T /C","c.538-223A>G","BEN",NA
"chr7:6041897_T /C","chr7:6002266_T /C","c.537+187A>G","BEN",NA
"chr7:6042237_C/T","chr7:6002606_C/T","c.384G>A","VUS",NA
"chr7:6042522_C /T","chr7:6002891_C /T","c.354-255G>A","BEN",NA
"chr7:6043112_C /T","chr7:6003481_C /T","c.353+209G>A","BEN",NA
"chr7:6043319_A/G","chr7:6003688_A/G","c.353+2T>C","LPAT",NA
"chr7:6043354_C/-","chr7:6003723_C/-","c.325del","PAT",NA
"chr7:6043361_CA/C","chr7:6003734_CA/C","c.312del","PAT",TRUE
"chr7:6043386_G/A","chr7:6003755_G/A","c.288C>T","BEN",NA
"chr7:6043602_C/G","chr7:6003971_C/G","c.250+1G>C","PAT",NA
"chr7:6043673_G/C","chr7:6004042_G/C","c.180C>G","LBEN",NA
"chr7:6043691_T/C","chr7:6004060_T/C","c.164-2A>G","PAT",NA
"chr7:6045385_T /C","chr7:6005754_T /C","c.163+138A>G","BEN",NA
"chr7:6045549_C/A","chr7:6005918_C/A","c.137G>T","PAT",NA
"chr7:6045614_A/G","chr7:6005983_A/G","c.72T>C","VUS",NA
"chr7:6045627_C/T","chr7:6005996_C/T","c.59G>A","BEN",NA
"chr7:6045634_T/C","chr7:6006003_T/C","c.52A>G","LBEN",TRUE
"chr7:6045664_T/C","chr7:6006033_T/C","c.24-2A>G","PAT",NA
"chr7:6045881_C /T","chr7:6006250_C /T","c.24-219G>A","BEN",NA
"chr7:6048556_G /A","chr7:6008925_G /A","c.23+72C>T","BEN",NA
"chr7:6048618_C/G","chr7:6008987_C/G","c.23+10G>C","VUS",NA
"chr7:6048650_T/C","chr7:6009019_T/C","c.1A>G","PAT",NA
"chr7:6048654_T/C","chr7:6009023_T/C","c.-4A>G","LBEN",TRUE
